ticker,held,status,close,mom_12_1_pct,above_sma200,dist_52w_high_pct,vol20_ann_pct,vol_med6m_pct,calm,dollar_vol_musd,atr14_pct,spread_usd,edge_ratio,bars,note
EBAY,,GREEN,111.98,32.7,Y,-5.6,26.0,31.0,Y,354.0,2.55,0.01,42.7,499,"setup ready (calm + pullback, edge 42.7x)"
SNDK,,YELLOW,1285.35,5451.6,Y,-45.0,152.2,100.1,N,22988.2,15.73,,,362,"watch: outside pullback zone, vol not calm"
MU,,YELLOW,879.55,987.7,Y,-27.5,91.8,78.2,N,45339.4,8.88,,,499,"watch: outside pullback zone, vol not calm"
WDC,,YELLOW,490.42,881.2,Y,-34.3,120.0,83.0,N,4536.9,10.21,,,499,"watch: outside pullback zone, vol not calm"
LITE,,YELLOW,705.3,738.1,Y,-33.0,106.4,96.6,N,3412.3,10.3,,,499,"watch: outside pullback zone, vol not calm"
STX,,YELLOW,799.68,576.9,Y,-26.9,111.4,70.4,N,4288.3,9.51,,,499,"watch: outside pullback zone, vol not calm"
INTC,,YELLOW,89.57,487.1,Y,-36.4,84.8,88.5,Y,11648.7,8.84,,,499,watch: outside pullback zone
CIEN,,YELLOW,369.64,455.9,Y,-41.0,77.0,74.7,N,1007.4,7.77,,,499,"watch: outside pullback zone, vol not calm"
TER,,YELLOW,329.57,418.1,Y,-31.9,111.2,74.5,N,1528.8,9.14,,,499,"watch: outside pullback zone, vol not calm"
GLW,,YELLOW,139.54,313.7,Y,-45.4,106.7,76.8,N,2862.3,9.35,,,499,"watch: outside pullback zone, vol not calm"
LRCX,,YELLOW,283.11,313.2,Y,-34.7,92.6,63.6,N,4203.8,8.6,,,499,"watch: outside pullback zone, vol not calm"
COHR,,YELLOW,259.5,312.5,Y,-39.2,98.9,87.2,N,1472.0,10.07,,,499,"watch: outside pullback zone, vol not calm"
MRVL,,YELLOW,186.9,280.6,Y,-40.9,95.6,69.7,N,6282.4,9.29,,,499,"watch: outside pullback zone, vol not calm"
FIX,,YELLOW,1673.78,259.3,Y,-19.0,70.5,55.2,N,942.7,6.05,,,499,"watch: outside pullback zone, vol not calm"
AMAT,,YELLOW,503.06,257.7,Y,-30.4,91.3,56.2,N,6320.5,8.52,,,499,"watch: outside pullback zone, vol not calm"
AMD,,YELLOW,484.3,228.5,Y,-16.6,82.5,78.5,N,14724.8,7.96,,,499,"watch: outside pullback zone, vol not calm"
FLEX,,YELLOW,110.6,224.7,Y,-31.8,92.1,62.9,N,603.0,7.93,,,499,"watch: outside pullback zone, vol not calm"
DELL,,YELLOW,422.48,222.5,Y,-9.2,80.2,66.4,N,2923.8,7.66,,,499,watch: vol not calm
KLAC,,YELLOW,200.26,188.1,Y,-33.6,97.7,53.6,N,3158.1,7.4,,,499,"watch: outside pullback zone, vol not calm"
VRT,,YELLOW,279.54,149.0,Y,-25.7,70.4,65.0,N,1689.8,6.58,,,499,"watch: outside pullback zone, vol not calm"
CAT,,YELLOW,847.3,147.8,Y,-20.3,47.8,41.5,N,3232.1,4.74,,,499,"watch: outside pullback zone, vol not calm"
CNC,,YELLOW,63.58,142.0,Y,-7.5,40.8,44.4,Y,275.4,3.83,,,499,setup ready BUT no spread data (fill spread_table.csv)
HPE,,YELLOW,47.24,132.5,Y,-15.6,66.6,52.0,N,836.9,5.85,,,499,"watch: outside pullback zone, vol not calm"
KEYS,,YELLOW,308.36,117.4,Y,-17.4,56.4,41.7,N,498.7,4.04,,,499,"watch: outside pullback zone, vol not calm"
ON,,YELLOW,86.52,114.2,Y,-35.4,110.7,59.3,N,1143.4,6.22,,,499,"watch: outside pullback zone, vol not calm"
MPWR,,YELLOW,1314.64,102.8,Y,-22.1,68.0,53.6,N,1394.5,6.26,,,499,"watch: outside pullback zone, vol not calm"
CMI,,YELLOW,647.83,102.4,Y,-11.0,39.7,42.3,Y,659.0,3.56,,,499,setup ready BUT no spread data (fill spread_table.csv)
STLD,,YELLOW,247.31,99.8,Y,-12.3,35.7,36.7,Y,280.0,3.08,,,499,watch: outside pullback zone
ADI,,YELLOW,366.69,87.1,Y,-17.7,42.3,36.1,N,1669.5,3.9,,,499,"watch: outside pullback zone, vol not calm"
VLO,,YELLOW,302.79,86.4,Y,-3.8,39.1,38.6,N,848.3,3.77,,,499,watch: vol not calm
JBHT,,YELLOW,278.5,85.2,Y,-6.7,39.1,34.6,N,308.2,3.31,,,499,watch: vol not calm
CVS,,YELLOW,106.77,82.7,Y,-2.9,21.4,30.7,Y,763.2,2.4,,,499,watch: outside pullback zone
GOOGL,,YELLOW,328.86,79.4,Y,-18.3,44.1,30.6,N,11468.2,3.65,0.06,29.9,499,"watch: outside pullback zone, vol not calm"
VTRS,,YELLOW,17.59,78.6,Y,0.0,32.2,31.6,N,154.9,2.96,,,499,"watch: outside pullback zone, vol not calm"
APA,,YELLOW,35.58,77.9,Y,-18.8,37.2,44.8,Y,173.8,3.58,,,499,watch: outside pullback zone
NUE,,YELLOW,245.82,77.9,Y,-7.5,33.5,29.1,N,310.8,2.61,,,499,watch: vol not calm
CHRW,,YELLOW,176.1,77.6,Y,-15.9,62.0,34.2,N,320.7,3.69,,,499,"watch: outside pullback zone, vol not calm"
GOOG,,YELLOW,328.78,77.6,Y,-17.6,44.4,29.8,N,7733.5,3.62,,,499,"watch: outside pullback zone, vol not calm"
CSCO,,YELLOW,113.51,77.2,Y,-12.4,39.0,37.2,N,2589.6,3.2,,,499,"watch: outside pullback zone, vol not calm"
PWR,,YELLOW,608.18,76.6,Y,-22.5,42.5,40.2,N,824.0,3.93,,,499,"watch: outside pullback zone, vol not calm"
FDX,,YELLOW,311.74,76.2,Y,-7.6,28.2,30.2,Y,571.1,2.47,,,499,setup ready BUT no spread data (fill spread_table.csv)
MRNA,,YELLOW,55.62,75.7,Y,-32.0,87.3,71.5,N,536.0,6.89,,,499,"watch: outside pullback zone, vol not calm"
GEV,,YELLOW,970.65,74.4,Y,-17.4,66.3,46.3,N,3086.5,7.01,,,499,"watch: outside pullback zone, vol not calm"
TXN,,YELLOW,276.67,72.6,Y,-16.7,51.4,42.9,N,2628.8,5.01,,,499,"watch: outside pullback zone, vol not calm"
JBL,,YELLOW,303.32,71.8,Y,-21.3,57.2,47.1,N,422.6,4.81,,,499,"watch: outside pullback zone, vol not calm"
DAL,,YELLOW,86.64,70.4,Y,-7.3,30.8,43.5,Y,626.2,3.25,,,499,setup ready BUT no spread data (fill spread_table.csv)
TRGP,,YELLOW,270.93,68.9,Y,-5.1,32.5,25.9,N,333.4,2.58,,,499,watch: vol not calm
HUM,,YELLOW,383.29,66.0,Y,-6.4,36.5,41.6,Y,516.8,3.74,,,499,setup ready BUT no spread data (fill spread_table.csv)
LUV,,YELLOW,45.32,59.6,Y,-16.6,32.5,47.8,Y,278.8,3.64,,,499,watch: outside pullback zone
APH,,YELLOW,147.74,59.2,Y,-16.2,47.8,48.6,Y,1098.2,4.27,,,499,watch: outside pullback zone
MNST,,YELLOW,95.22,59.2,Y,-4.7,23.3,22.6,N,563.9,2.29,,,499,watch: vol not calm
ROST,,YELLOW,241.22,59.1,Y,0.0,25.7,26.3,Y,621.2,2.46,,,499,watch: outside pullback zone
MS,,YELLOW,213.4,58.9,Y,-6.6,34.2,30.7,N,1264.3,3.39,,,499,watch: vol not calm
HST,,YELLOW,24.88,58.5,Y,0.0,23.7,22.8,N,215.4,2.24,,,499,"watch: outside pullback zone, vol not calm"
STT,,YELLOW,183.33,55.9,Y,-1.7,21.9,25.5,Y,449.8,2.78,,,499,watch: outside pullback zone
C,,YELLOW,132.49,55.4,Y,-9.0,31.8,31.6,N,1826.9,2.97,,,499,watch: vol not calm
MRK,,YELLOW,131.73,54.1,Y,0.0,31.7,27.5,N,1179.1,2.6,,,499,"watch: outside pullback zone, vol not calm"
UNH,,YELLOW,418.09,53.2,Y,-4.2,28.1,29.0,Y,2505.8,3.1,,,499,setup ready BUT no spread data (fill spread_table.csv)
INCY,,YELLOW,119.28,52.5,Y,0.0,29.0,31.8,Y,193.3,2.75,,,499,watch: outside pullback zone
BIIB,,YELLOW,202.4,52.3,Y,-6.6,57.1,36.6,N,297.4,4.46,,,499,watch: vol not calm
EIX,,YELLOW,78.91,51.6,Y,-1.8,22.0,24.0,Y,169.5,2.23,,,499,watch: outside pullback zone
GM,,YELLOW,84.56,51.4,Y,-1.7,33.4,33.2,N,562.2,3.03,0.02,19.1,499,"watch: outside pullback zone, vol not calm"
GS,,YELLOW,1047.32,51.1,Y,-9.1,47.7,32.9,N,2135.4,3.76,0.84,7.0,499,watch: vol not calm
MPC,,YELLOW,309.84,50.9,Y,-3.1,30.9,37.3,Y,634.5,2.96,,,499,setup ready BUT no spread data (fill spread_table.csv)
DDOG,,YELLOW,253.97,50.8,Y,-8.5,51.2,66.8,Y,1097.4,5.36,,,499,setup ready BUT no spread data (fill spread_table.csv)
UAL,,YELLOW,119.54,50.0,Y,-12.2,30.0,55.9,Y,584.9,4.13,,,499,watch: outside pullback zone
NTAP,,YELLOW,168.23,49.8,Y,-6.8,49.6,40.1,N,436.6,4.48,,,499,watch: vol not calm
CASY,,YELLOW,861.38,49.7,Y,-6.0,38.5,27.8,N,381.1,3.39,,,499,watch: vol not calm
CAH,,YELLOW,230.04,49.5,Y,-4.0,22.6,23.5,Y,529.1,2.33,,,499,setup ready BUT no spread data (fill spread_table.csv)
DD,,YELLOW,137.5,49.5,Y,-10.3,19.0,33.2,Y,181.7,2.51,,,499,setup ready BUT no spread data (fill spread_table.csv)
BG,,YELLOW,117.42,49.1,Y,-10.6,31.9,28.2,N,145.9,2.96,,,499,watch: vol not calm
BNY,,YELLOW,157.71,48.2,Y,-2.9,26.9,20.6,N,690.8,2.42,,,499,"watch: outside pullback zone, vol not calm"
CFG,,YELLOW,71.15,48.0,Y,-4.4,30.2,25.7,N,359.8,2.66,,,499,watch: vol not calm
JNJ,,YELLOW,267.51,48.0,Y,0.0,32.1,17.2,N,2108.4,2.45,,,499,"watch: outside pullback zone, vol not calm"
DVA,,YELLOW,236.61,47.4,Y,-0.3,22.1,28.4,Y,171.3,2.62,,,499,watch: outside pullback zone
CRWD,,YELLOW,184.79,46.9,Y,-12.3,61.0,54.4,N,1884.6,5.74,,,499,"watch: outside pullback zone, vol not calm"
HWM,,YELLOW,284.32,46.6,Y,-1.0,23.5,36.1,Y,782.1,2.99,,,499,watch: outside pullback zone
PANW,,YELLOW,326.33,45.7,Y,-9.0,61.5,48.1,N,2399.2,5.39,,,499,watch: vol not calm
ANET,,YELLOW,168.01,45.1,Y,-10.1,64.5,60.4,N,1355.5,5.91,,,499,watch: vol not calm
AIZ,,YELLOW,277.79,43.3,Y,-0.8,15.0,21.4,Y,89.7,1.72,,,499,watch: outside pullback zone
SPG,,YELLOW,229.99,43.2,Y,0.0,21.3,21.7,Y,448.8,2.03,,,499,watch: outside pullback zone
FTNT,,YELLOW,153.88,43.1,Y,-7.8,39.7,40.0,Y,784.2,4.38,,,499,setup ready BUT no spread data (fill spread_table.csv)
IBKR,,YELLOW,90.79,43.1,Y,-6.8,45.4,39.6,N,405.7,3.96,,,499,watch: vol not calm
PSX,,YELLOW,206.32,42.9,Y,-2.8,34.5,32.7,N,497.4,3.14,,,499,"watch: outside pullback zone, vol not calm"
MCHP,,YELLOW,76.9,42.6,Y,-25.1,56.3,45.9,N,982.7,5.69,,,499,"watch: outside pullback zone, vol not calm"
ADM,,YELLOW,83.43,42.3,Y,-4.4,24.1,26.8,Y,246.1,2.45,,,499,setup ready BUT no spread data (fill spread_table.csv)
FCX,,YELLOW,61.86,42.0,Y,-13.5,47.4,53.2,Y,928.3,4.67,,,499,watch: outside pullback zone
WAB,,YELLOW,295.45,41.4,Y,-0.9,42.9,26.2,N,266.2,2.88,,,499,"watch: outside pullback zone, vol not calm"
ELV,,YELLOW,377.57,41.0,Y,-11.5,51.9,33.0,N,672.6,4.09,,,499,watch: vol not calm
LLY,,YELLOW,1196.26,41.0,Y,-3.2,37.3,34.6,N,3268.7,3.05,,,499,watch: vol not calm
EQIX,,YELLOW,1054.4,40.9,Y,-5.5,25.6,20.2,N,556.2,2.4,,,499,watch: vol not calm
NDSN,,YELLOW,295.12,40.8,Y,-3.1,19.8,22.1,Y,103.7,2.16,,,499,setup ready BUT no spread data (fill spread_table.csv)
WELL,,YELLOW,249.81,40.8,Y,0.0,21.0,24.5,Y,670.5,1.94,,,499,watch: outside pullback zone
MAR,,YELLOW,380.4,40.1,Y,-5.5,26.5,26.5,N,521.3,2.32,,,499,watch: vol not calm
RL,,YELLOW,379.3,40.0,Y,-8.2,37.9,37.2,N,234.1,3.47,,,499,watch: vol not calm
AKAM,,YELLOW,112.99,39.9,Y,-29.9,56.1,59.3,Y,433.1,5.58,,,499,watch: outside pullback zone
EXPD,,YELLOW,171.9,39.8,Y,-6.0,25.9,22.1,N,212.2,2.29,,,499,watch: vol not calm
NTRS,,YELLOW,180.87,39.8,Y,-5.4,24.4,26.0,Y,185.4,2.54,,,499,setup ready BUT no spread data (fill spread_table.csv)
GE,,YELLOW,358.57,39.1,Y,-5.3,29.0,38.3,Y,1560.5,3.1,,,499,setup ready BUT no spread data (fill spread_table.csv)
SLB,,YELLOW,52.6,38.2,Y,-9.3,43.5,34.3,N,544.9,2.79,,,499,watch: vol not calm
BEN,,YELLOW,33.26,37.7,Y,-3.4,23.5,31.3,Y,142.8,2.74,,,499,setup ready BUT no spread data (fill spread_table.csv)
TGT,,YELLOW,139.42,37.7,Y,-1.3,34.9,32.3,N,556.8,2.95,,,499,"watch: outside pullback zone, vol not calm"
CSX,,YELLOW,51.62,37.5,Y,-2.3,26.6,23.1,N,639.9,2.24,,,499,"watch: outside pullback zone, vol not calm"
IRM,,YELLOW,126.3,37.2,Y,-5.1,29.6,32.4,Y,245.6,3.15,,,499,setup ready BUT no spread data (fill spread_table.csv)
USB,,YELLOW,63.59,37.0,Y,-1.4,21.2,22.3,Y,528.4,1.99,,,499,watch: outside pullback zone
PH,,YELLOW,978.27,36.9,Y,-4.2,19.5,26.6,Y,528.6,2.45,,,499,setup ready BUT no spread data (fill spread_table.csv)
TPR,,YELLOW,144.75,36.4,Y,-9.3,33.8,37.5,Y,355.8,3.41,,,499,setup ready BUT no spread data (fill spread_table.csv)
ROK,,YELLOW,455.02,36.2,Y,-8.1,28.0,35.3,Y,411.6,3.12,,,499,setup ready BUT no spread data (fill spread_table.csv)
WMB,,YELLOW,71.35,36.2,Y,-9.5,31.2,23.7,N,536.1,2.91,,,499,watch: vol not calm
PFG,,YELLOW,111.01,36.1,Y,-2.6,22.9,23.1,Y,161.9,2.32,,,499,watch: outside pullback zone
FRT,,YELLOW,127.07,35.9,Y,0.0,16.8,17.6,Y,97.1,1.53,,,499,watch: outside pullback zone
FITB,,YELLOW,57.11,35.7,Y,-3.8,22.9,28.9,Y,373.7,2.41,,,499,setup ready BUT no spread data (fill spread_table.csv)
NXPI,,YELLOW,264.19,35.4,Y,-20.3,46.6,44.7,N,1053.8,4.69,,,499,"watch: outside pullback zone, vol not calm"
GL,,YELLOW,173.82,35.0,Y,-5.9,30.1,18.6,N,116.7,2.62,,,499,watch: vol not calm
AME,,YELLOW,239.04,34.9,Y,-1.2,18.9,25.7,Y,223.5,2.2,,,499,watch: outside pullback zone
EA,,YELLOW,209.02,34.7,Y,-0.1,3.9,4.3,Y,434.4,0.38,,,499,watch: outside pullback zone
WSM,,YELLOW,231.34,34.4,Y,-3.4,32.2,35.9,Y,219.9,3.07,,,499,setup ready BUT no spread data (fill spread_table.csv)
ETR,,YELLOW,114.49,34.2,Y,-2.4,18.5,21.5,Y,309.1,1.9,,,499,watch: outside pullback zone
JCI,,YELLOW,141.38,33.0,Y,-4.6,30.4,30.6,Y,570.7,3.04,,,499,setup ready BUT no spread data (fill spread_table.csv)
EXPE,,YELLOW,276.15,32.8,Y,-8.0,41.4,48.2,Y,370.2,3.71,,,499,setup ready BUT no spread data (fill spread_table.csv)
SWK,,YELLOW,92.58,32.8,Y,-1.6,38.5,38.9,Y,123.3,3.59,,,499,watch: outside pullback zone
VTR,,YELLOW,100.16,32.8,Y,0.0,21.1,20.1,N,317.7,2.0,,,499,"watch: outside pullback zone, vol not calm"
AVGO,,YELLOW,381.63,32.2,Y,-20.6,44.5,41.9,N,8301.4,4.12,,,499,"watch: outside pullback zone, vol not calm"
PLD,,YELLOW,145.68,32.2,Y,-2.9,28.3,21.9,N,590.3,2.47,,,499,"watch: outside pullback zone, vol not calm"
ODFL,,YELLOW,225.45,32.0,Y,-9.4,29.6,43.6,Y,334.4,3.11,,,499,setup ready BUT no spread data (fill spread_table.csv)
KEY,,YELLOW,22.56,31.9,Y,-6.0,21.8,21.8,Y,254.8,2.15,,,499,setup ready BUT no spread data (fill spread_table.csv)
GWW,,YELLOW,1382.03,31.8,Y,-1.4,19.0,23.5,Y,382.5,2.13,,,499,watch: outside pullback zone
F,,YELLOW,14.4,31.5,Y,-17.4,26.5,32.4,Y,672.7,2.87,,,499,watch: outside pullback zone
DVN,,YELLOW,43.9,31.3,Y,-15.1,32.7,34.9,Y,490.2,2.96,,,499,watch: outside pullback zone
URI,,YELLOW,1122.99,31.3,Y,-1.5,45.8,39.1,N,508.3,3.74,,,499,"watch: outside pullback zone, vol not calm"
MO,,YELLOW,72.92,31.1,Y,-2.3,25.1,24.5,N,503.7,2.39,,,499,"watch: outside pullback zone, vol not calm"
ABBV,,YELLOW,259.91,30.4,Y,0.0,29.1,26.1,N,2119.9,2.22,,,499,"watch: outside pullback zone, vol not calm"
AEP,,YELLOW,134.24,29.7,Y,-3.2,20.4,20.3,N,624.6,1.93,,,499,watch: vol not calm
AAPL,,YELLOW,337.14,29.2,Y,0.0,31.3,24.8,N,18553.5,2.44,,,499,"watch: outside pullback zone, vol not calm"
FANG,,YELLOW,200.64,28.9,Y,-5.6,33.7,33.0,N,381.0,2.96,,,499,watch: vol not calm
EVRG,,YELLOW,86.32,28.7,Y,-2.0,17.7,18.0,Y,177.6,1.75,,,499,watch: outside pullback zone
PNC,,YELLOW,250.09,28.1,Y,-1.2,18.1,22.5,Y,521.7,1.95,,,499,watch: outside pullback zone
XOM,,YELLOW,154.89,28.1,Y,-9.1,25.2,28.7,Y,2145.7,2.36,,,499,setup ready BUT no spread data (fill spread_table.csv)
FFIV,,YELLOW,399.65,27.8,Y,-7.3,39.2,35.4,N,226.5,3.4,,,499,watch: vol not calm
HLT,,YELLOW,326.83,27.5,Y,-6.7,23.9,23.9,N,813.6,2.38,,,499,watch: vol not calm
BKR,,YELLOW,60.7,26.7,Y,-12.6,40.8,35.1,N,525.8,3.29,,,499,"watch: outside pullback zone, vol not calm"
MGM,,YELLOW,46.36,26.3,Y,-8.5,26.5,39.5,Y,124.9,2.07,,,499,setup ready BUT no spread data (fill spread_table.csv)
WAT,,YELLOW,370.9,26.3,Y,-10.1,28.7,36.9,Y,323.7,3.22,,,499,setup ready BUT no spread data (fill spread_table.csv)
MTB,,YELLOW,248.84,25.9,Y,-2.0,21.8,21.6,N,277.5,2.08,,,499,"watch: outside pullback zone, vol not calm"
IEX,,YELLOW,220.99,25.6,Y,-3.5,16.5,24.0,Y,144.0,2.24,,,499,setup ready BUT no spread data (fill spread_table.csv)
KMI,,YELLOW,31.84,25.4,Y,-7.2,20.8,20.8,Y,309.3,2.31,,,499,setup ready BUT no spread data (fill spread_table.csv)
NEE,,YELLOW,88.8,25.4,Y,-8.6,17.1,22.0,Y,910.1,1.66,,,499,setup ready BUT no spread data (fill spread_table.csv)
IVZ,,YELLOW,29.82,24.9,Y,-2.2,34.5,38.7,Y,132.2,3.23,,,499,watch: outside pullback zone
SNA,,YELLOW,404.86,24.7,Y,-2.4,21.9,20.4,N,142.1,2.33,,,499,"watch: outside pullback zone, vol not calm"
WST,,YELLOW,326.41,24.6,Y,-10.8,36.2,31.6,N,275.3,3.54,,,499,watch: vol not calm
TJX,,YELLOW,156.24,24.4,Y,-7.2,20.9,20.3,N,836.5,2.07,,,499,watch: vol not calm
PCG,,YELLOW,17.64,24.3,Y,-7.2,26.3,25.9,N,271.1,2.29,,,499,watch: vol not calm
UNP,,YELLOW,300.33,24.2,Y,-1.3,24.0,24.9,Y,841.2,2.19,,,499,watch: outside pullback zone
DE,,YELLOW,613.86,23.8,Y,-6.8,30.4,34.1,Y,699.2,2.81,,,499,setup ready BUT no spread data (fill spread_table.csv)
D,,YELLOW,70.43,23.5,Y,-1.8,17.6,18.9,Y,338.0,1.64,,,499,watch: outside pullback zone
TRV,,YELLOW,390.43,23.4,Y,0.0,38.1,18.8,N,669.8,2.68,,,499,"watch: outside pullback zone, vol not calm"
LMT,,YELLOW,582.07,23.3,Y,-13.4,42.9,27.3,N,636.6,2.87,,,499,"watch: outside pullback zone, vol not calm"
CB,,YELLOW,358.14,23.2,Y,-0.8,32.6,18.0,N,715.5,2.48,,,499,"watch: outside pullback zone, vol not calm"
PCAR,,YELLOW,131.85,23.0,Y,0.0,28.7,27.7,N,392.3,2.37,,,499,"watch: outside pullback zone, vol not calm"
BAC,,YELLOW,62.15,22.9,Y,0.0,21.0,21.9,Y,2068.1,2.06,,,499,watch: outside pullback zone
CINF,,YELLOW,184.51,22.9,Y,-3.9,36.3,21.2,N,164.5,2.72,,,499,watch: vol not calm
RTX,,YELLOW,218.0,22.1,Y,0.0,34.4,27.1,N,901.7,2.64,,,499,"watch: outside pullback zone, vol not calm"
ALL,,YELLOW,261.25,21.8,Y,0.0,31.8,24.7,N,408.9,2.42,,,499,"watch: outside pullback zone, vol not calm"
L,,YELLOW,118.49,21.8,Y,0.0,18.7,16.5,N,88.1,1.85,,,499,"watch: outside pullback zone, vol not calm"
TPL,,YELLOW,406.64,21.8,Y,-24.6,45.5,48.1,Y,139.5,3.94,,,499,watch: outside pullback zone
DGX,,YELLOW,230.4,21.6,Y,0.0,36.1,24.3,N,219.9,3.04,,,499,"watch: outside pullback zone, vol not calm"
KIM,,YELLOW,26.39,21.6,Y,0.0,21.5,18.3,N,94.4,1.69,,,499,"watch: outside pullback zone, vol not calm"
TECH,,YELLOW,71.67,21.6,Y,-0.6,5.4,45.6,Y,419.1,0.57,,,499,watch: outside pullback zone
FTV,,YELLOW,62.49,21.4,Y,-1.7,25.2,25.8,Y,148.6,2.41,,,499,watch: outside pullback zone
PNW,,YELLOW,105.32,21.4,Y,-3.7,21.1,17.7,N,124.3,1.99,,,499,watch: vol not calm
FE,,YELLOW,49.44,20.7,Y,-3.8,20.2,17.0,N,186.7,1.81,,,499,watch: vol not calm
BBY,,YELLOW,88.42,20.6,Y,0.0,30.2,35.0,Y,282.7,3.03,0.05,8.0,499,watch: outside pullback zone
LNT,,YELLOW,74.11,20.5,Y,-5.0,21.9,18.0,N,172.0,2.02,,,499,watch: vol not calm
MAS,,YELLOW,80.46,20.4,Y,-2.8,32.5,35.5,Y,167.3,3.02,,,499,watch: outside pullback zone
CRL,,YELLOW,224.62,20.1,Y,-3.8,33.8,52.7,Y,195.0,4.07,,,499,setup ready BUT no spread data (fill spread_table.csv)
PKG,,YELLOW,251.15,20.0,Y,0.0,34.9,28.5,N,148.0,3.3,,,499,"watch: outside pullback zone, vol not calm"
DOC,,YELLOW,22.2,19.8,Y,-1.7,19.1,25.5,Y,133.5,1.91,,,499,watch: outside pullback zone
KO,,YELLOW,83.64,19.7,Y,-1.5,29.8,17.7,N,1478.7,2.19,,,499,"watch: outside pullback zone, vol not calm"
CNP,,YELLOW,43.95,19.5,Y,-2.4,21.9,17.7,N,293.5,1.99,,,499,"watch: outside pullback zone, vol not calm"
SRE,,YELLOW,91.94,19.5,Y,-7.2,19.3,20.4,Y,282.6,2.11,,,499,setup ready BUT no spread data (fill spread_table.csv)
RF,,YELLOW,30.75,18.6,Y,-5.1,24.2,24.0,N,317.2,2.25,,,499,watch: vol not calm
HUBB,,YELLOW,481.56,18.2,Y,-13.4,33.1,32.1,N,231.3,2.92,,,500,"watch: outside pullback zone, vol not calm"
PHM,,YELLOW,129.11,18.0,Y,-9.0,34.4,34.3,N,230.8,3.36,,,499,watch: vol not calm
AFL,,YELLOW,126.35,17.9,Y,0.0,17.6,17.3,N,234.1,1.6,,,499,"watch: outside pullback zone, vol not calm"
AMGN,,YELLOW,377.84,17.8,Y,-1.9,24.0,26.3,Y,801.8,2.31,,,499,watch: outside pullback zone
AEE,,YELLOW,112.42,17.7,Y,-5.0,26.0,18.5,N,193.9,1.86,,,499,watch: vol not calm
BMY,,YELLOW,62.76,17.3,Y,0.0,35.8,26.9,N,617.4,2.53,,,499,"watch: outside pullback zone, vol not calm"
NI,,YELLOW,46.24,17.2,Y,-5.8,23.1,18.9,N,226.9,2.0,,,499,watch: vol not calm
OXY,,YELLOW,55.84,17.1,Y,-15.3,37.1,37.4,Y,491.4,3.17,,,499,watch: outside pullback zone
HAS,,YELLOW,89.27,16.9,Y,-14.5,40.3,36.2,N,200.3,3.2,,,499,"watch: outside pullback zone, vol not calm"
REG,,YELLOW,82.54,16.8,Y,-0.2,20.2,16.5,N,103.7,1.68,,,499,"watch: outside pullback zone, vol not calm"
TFC,,YELLOW,52.19,16.5,Y,-4.5,25.6,25.4,N,397.8,2.35,,,499,watch: vol not calm
PSA,,YELLOW,325.53,16.3,Y,-1.2,27.0,24.9,N,350.6,2.29,,,499,"watch: outside pullback zone, vol not calm"
XEL,,YELLOW,81.0,15.8,Y,-2.0,19.9,20.4,Y,398.5,1.93,,,499,watch: outside pullback zone
EOG,,YELLOW,142.65,15.3,Y,-3.4,29.4,30.1,Y,425.3,2.59,,,499,setup ready BUT no spread data (fill spread_table.csv)
CF,,YELLOW,120.93,15.2,Y,-11.8,33.6,41.9,Y,281.4,3.76,,,499,setup ready BUT no spread data (fill spread_table.csv)
CVX,,YELLOW,191.84,15.2,Y,-8.3,23.5,25.6,Y,1491.8,2.07,,,499,setup ready BUT no spread data (fill spread_table.csv)
HSIC,,YELLOW,85.47,15.2,Y,-3.2,23.6,25.7,Y,111.7,2.31,,,499,setup ready BUT no spread data (fill spread_table.csv)
OKE,,YELLOW,90.63,15.2,Y,-4.8,27.2,29.8,Y,305.4,2.53,,,499,setup ready BUT no spread data (fill spread_table.csv)
PM,,YELLOW,194.95,15.1,Y,0.0,34.2,30.3,N,963.0,3.0,,,499,"watch: outside pullback zone, vol not calm"
COP,,YELLOW,117.57,15.0,Y,-11.5,28.6,31.3,Y,711.5,2.61,,,499,setup ready BUT no spread data (fill spread_table.csv)
JPM,,YELLOW,353.97,14.7,Y,0.0,20.8,23.4,Y,3421.2,2.2,0.09,13.0,499,watch: outside pullback zone
MMM,,YELLOW,176.97,14.6,Y,0.0,35.0,26.2,N,601.9,2.96,0.11,7.1,499,"watch: outside pullback zone, vol not calm"
LYV,,YELLOW,179.35,14.5,Y,-3.9,21.0,32.4,Y,374.1,2.27,,,499,setup ready BUT no spread data (fill spread_table.csv)
NSC,,YELLOW,344.59,14.3,Y,-1.1,24.6,21.2,N,328.6,2.14,,,499,"watch: outside pullback zone, vol not calm"
TDY,,YELLOW,645.52,14.0,Y,-6.3,25.7,27.3,Y,276.0,3.56,,,499,setup ready BUT no spread data (fill spread_table.csv)
UPS,,YELLOW,113.01,13.9,Y,-4.0,27.4,28.3,Y,479.9,2.64,,,499,setup ready BUT no spread data (fill spread_table.csv)
DTE,,YELLOW,147.79,13.6,Y,-4.3,20.9,19.1,N,183.6,1.93,,,499,watch: vol not calm
ES,,YELLOW,74.97,13.5,Y,-0.1,22.3,23.7,Y,156.2,1.94,,,499,watch: outside pullback zone
CDNS,,YELLOW,339.56,13.4,Y,-18.5,46.3,45.5,N,755.9,4.54,,,499,"watch: outside pullback zone, vol not calm"
A,,YELLOW,137.27,13.3,Y,-12.2,30.1,29.7,N,302.3,3.12,,,499,"watch: outside pullback zone, vol not calm"
SBUX,,YELLOW,104.28,13.0,Y,-3.8,23.8,28.0,Y,705.5,2.72,,,499,setup ready BUT no spread data (fill spread_table.csv)
NVDA,,YELLOW,198.12,12.8,Y,-15.9,40.3,38.2,N,26365.6,4.04,0.02,59.9,499,"watch: outside pullback zone, vol not calm"
CTVA,,YELLOW,87.15,12.7,Y,-1.8,22.8,22.1,N,284.0,2.27,,,499,"watch: outside pullback zone, vol not calm"
ATO,,YELLOW,178.58,12.6,Y,-6.6,21.3,15.9,N,194.0,1.84,,,499,watch: vol not calm
O,,YELLOW,65.83,12.4,Y,-0.8,22.7,16.8,N,338.8,1.76,,,499,"watch: outside pullback zone, vol not calm"
LIN,,YELLOW,507.67,12.3,Y,-7.1,21.6,19.7,N,1065.1,1.97,,,499,watch: vol not calm
VZ,,YELLOW,47.4,12.3,Y,-4.8,41.0,23.3,N,1423.6,2.59,,,499,watch: vol not calm
GILD,,YELLOW,131.43,12.2,Y,-14.6,35.2,25.7,N,943.6,3.07,,,499,"watch: outside pullback zone, vol not calm"
ED,,YELLOW,112.02,12.1,Y,-2.2,20.9,17.8,N,218.0,1.96,,,499,"watch: outside pullback zone, vol not calm"
MET,,YELLOW,95.24,12.1,Y,0.0,23.0,25.5,Y,302.2,1.86,,,499,watch: outside pullback zone
AES,,YELLOW,14.85,11.7,Y,-13.0,4.0,5.4,Y,121.6,0.41,,,499,watch: outside pullback zone
HON,,YELLOW,243.18,11.7,Y,-6.0,40.0,25.0,N,1102.7,2.94,,,499,watch: vol not calm
HBAN,,YELLOW,17.25,11.6,Y,-8.8,27.6,26.2,N,404.7,2.44,,,499,watch: vol not calm
RVTY,,YELLOW,108.59,11.6,Y,-7.6,31.3,41.3,Y,155.2,3.43,,,499,setup ready BUT no spread data (fill spread_table.csv)
SYF,,YELLOW,74.68,11.2,Y,-14.9,46.7,31.3,N,288.9,3.45,,,499,"watch: outside pullback zone, vol not calm"
GD,,YELLOW,389.49,11.1,Y,0.0,19.6,26.2,Y,401.5,2.04,,,499,watch: outside pullback zone
DG,,YELLOW,123.18,10.8,Y,-20.4,43.7,36.5,N,303.7,3.74,,,499,"watch: outside pullback zone, vol not calm"
TSN,,YELLOW,61.63,10.8,Y,-9.6,33.5,25.1,N,162.9,2.14,,,499,watch: vol not calm
EXC,,YELLOW,47.38,10.7,Y,-4.9,24.0,21.1,N,427.3,2.07,,,499,watch: vol not calm
WEC,,YELLOW,114.36,10.5,Y,-3.8,19.3,18.1,N,206.0,1.95,,,499,watch: vol not calm
ETN,,YELLOW,390.51,10.4,Y,-10.4,46.8,38.9,N,877.5,4.21,,,499,watch: vol not calm
TXT,,YELLOW,96.17,10.1,Y,-4.5,24.0,26.5,Y,125.4,2.46,,,499,setup ready BUT no spread data (fill spread_table.csv)
DLR,,YELLOW,193.79,10.0,Y,-4.3,41.1,23.4,N,651.0,2.72,,,499,watch: vol not calm
DUK,,YELLOW,129.45,9.9,Y,-2.2,22.1,16.7,N,454.1,1.82,,,499,"watch: outside pullback zone, vol not calm"
TT,,YELLOW,476.18,9.8,Y,-5.4,26.6,31.3,Y,542.7,2.9,,,499,setup ready BUT no spread data (fill spread_table.csv)
PPG,,YELLOW,117.88,9.3,Y,-9.3,35.0,32.5,N,204.0,3.31,,,499,watch: vol not calm
CMS,,YELLOW,74.23,9.0,Y,-6.4,20.9,18.8,N,244.9,1.97,,,499,watch: vol not calm
PRU,,YELLOW,121.57,8.2,Y,0.0,23.2,23.2,N,189.8,2.07,,,499,"watch: outside pullback zone, vol not calm"
MCK,,YELLOW,852.64,8.0,Y,-14.3,32.9,26.4,N,800.4,2.73,,,499,"watch: outside pullback zone, vol not calm"
SJM,,YELLOW,119.96,7.9,Y,0.0,35.8,23.9,N,171.3,2.75,,,499,"watch: outside pullback zone, vol not calm"
HIG,,YELLOW,140.6,7.8,Y,-1.2,23.9,19.3,N,215.8,2.05,,,499,"watch: outside pullback zone, vol not calm"
BDX,,YELLOW,160.24,7.4,Y,-12.4,35.7,27.5,N,345.2,2.74,,,499,"watch: outside pullback zone, vol not calm"
DRI,,YELLOW,203.38,7.4,Y,-5.5,31.7,26.9,N,294.7,2.94,,,499,watch: vol not calm
ACGL,,YELLOW,104.29,7.2,Y,0.0,30.2,22.1,N,173.0,2.35,,,499,"watch: outside pullback zone, vol not calm"
TMO,,YELLOW,561.14,6.9,Y,-12.1,36.9,28.9,N,1165.2,3.01,,,499,"watch: outside pullback zone, vol not calm"
TTWO,,YELLOW,240.7,5.7,Y,-8.2,32.2,33.7,Y,516.2,2.89,,,499,setup ready BUT no spread data (fill spread_table.csv)
BALL,,YELLOW,64.61,5.6,Y,-4.0,27.8,26.9,N,122.3,2.49,,,499,watch: vol not calm
SOLV,,YELLOW,80.88,5.4,Y,-6.1,32.1,29.9,N,81.9,2.93,,,499,watch: vol not calm
ECL,,YELLOW,271.22,5.3,Y,-11.6,23.4,23.4,N,331.3,2.32,,,499,watch: vol not calm
ITW,,YELLOW,285.33,5.3,Y,-3.6,25.9,22.3,N,373.7,2.23,,,499,watch: vol not calm
CL,,YELLOW,91.73,4.9,Y,-6.4,26.7,24.0,N,406.9,2.47,,,499,watch: vol not calm
EG,,YELLOW,389.51,4.6,Y,0.0,27.7,20.3,N,135.3,2.03,,,499,"watch: outside pullback zone, vol not calm"
SO,,YELLOW,96.97,4.3,Y,-1.3,21.0,20.1,N,445.9,1.88,,,499,"watch: outside pullback zone, vol not calm"
TROW,,YELLOW,118.28,4.0,Y,-1.6,32.1,20.5,N,242.0,2.49,,,499,"watch: outside pullback zone, vol not calm"
WRB,,YELLOW,75.6,3.9,Y,-1.1,26.5,21.3,N,143.9,2.42,,,499,"watch: outside pullback zone, vol not calm"
WY,,YELLOW,24.07,3.9,Y,-9.7,31.0,25.5,N,122.6,2.55,,,499,watch: vol not calm
DLTR,,YELLOW,124.37,3.5,Y,-11.9,39.3,39.6,Y,428.0,3.65,,,499,setup ready BUT no spread data (fill spread_table.csv)
SYY,,YELLOW,83.68,3.4,Y,-6.9,23.2,21.3,N,256.4,2.47,,,499,watch: vol not calm
GRMN,,YELLOW,240.46,3.3,Y,-9.7,25.7,28.9,Y,194.2,2.61,,,499,setup ready BUT no spread data (fill spread_table.csv)
WFC,,YELLOW,87.32,3.3,Y,-8.4,26.4,27.7,Y,1414.4,2.52,,,499,setup ready BUT no spread data (fill spread_table.csv)
CPT,,YELLOW,113.29,3.1,Y,-3.6,20.7,21.1,Y,102.5,1.8,,,499,setup ready BUT no spread data (fill spread_table.csv)
EQR,,YELLOW,67.69,2.7,Y,-3.5,20.3,20.9,Y,185.2,1.85,,,499,setup ready BUT no spread data (fill spread_table.csv)
ESS,,YELLOW,293.56,2.4,Y,-1.6,19.9,20.5,Y,134.0,1.79,,,499,watch: outside pullback zone
EXR,,YELLOW,148.8,2.3,Y,-1.0,25.6,24.5,N,148.3,2.14,,,499,"watch: outside pullback zone, vol not calm"
CHD,,YELLOW,98.71,2.2,Y,-5.9,25.1,23.6,N,159.0,2.43,,,499,watch: vol not calm
VRTX,,YELLOW,482.1,1.7,Y,-9.0,33.7,28.8,N,915.7,2.99,,,499,watch: vol not calm
BRK-B,,YELLOW,494.93,1.5,Y,-3.7,14.7,14.1,N,2044.7,1.35,,,499,watch: vol not calm
IFF,,YELLOW,76.81,1.3,Y,-8.4,38.4,34.3,N,151.4,3.3,,,499,watch: vol not calm
EMR,,YELLOW,147.45,0.6,Y,-8.1,27.6,35.4,Y,341.1,2.85,,,499,setup ready BUT no spread data (fill spread_table.csv)
LH,,YELLOW,297.38,0.5,Y,0.0,25.1,22.8,N,192.9,2.76,,,499,"watch: outside pullback zone, vol not calm"
SW,,YELLOW,48.77,0.5,Y,-4.8,54.2,46.8,N,225.1,4.24,,,499,watch: vol not calm
ABNB,,YELLOW,145.73,0.2,Y,-2.1,36.8,33.7,N,490.2,2.99,,,499,"watch: outside pullback zone, vol not calm"
CBOE,,YELLOW,284.92,0.1,Y,-22.1,37.1,28.9,N,324.2,3.85,,,499,"watch: outside pullback zone, vol not calm"
UDR,,YELLOW,39.31,0.1,Y,-4.3,22.0,22.1,Y,112.5,1.98,,,499,setup ready BUT no spread data (fill spread_table.csv)
ECHO,,RED,87.21,225.7,N,-38.5,42.0,58.5,Y,598.7,4.89,,,499,fails: sma200
WBD,,RED,25.59,99.9,N,-14.6,22.1,15.6,N,553.1,2.31,,,499,fails: sma200
GNRC,,RED,194.48,92.4,N,-34.2,58.4,59.1,Y,210.9,5.47,,,499,fails: sma200
ALB,,RED,114.76,69.8,N,-46.6,35.9,58.0,Y,285.1,4.42,,,499,fails: sma200
HAL,,RED,32.58,58.2,N,-23.9,30.9,32.8,Y,389.4,3.42,,,499,fails: sma200
NEM,,RED,93.1,56.7,N,-29.1,36.6,51.5,Y,705.3,3.43,,,499,fails: sma200
EME,,RED,731.28,49.3,N,-22.5,42.8,38.6,N,375.4,3.73,,,499,fails: sma200
FSLR,,RED,202.73,37.6,N,-36.3,36.4,55.8,Y,383.1,4.64,,,499,fails: sma200
QCOM,,RED,167.21,31.7,N,-33.1,45.9,40.9,N,2705.4,4.46,,,499,fails: sma200
DOV,,RED,202.28,24.9,N,-12.9,36.8,26.6,N,251.2,3.25,,,499,fails: sma200
APP,,RED,409.36,23.9,N,-44.2,79.1,74.0,N,2541.2,6.35,,,499,fails: sma200
TKO,,RED,182.75,23.2,N,-18.1,36.4,35.8,N,246.3,2.67,,,499,fails: sma200
DOW,,RED,28.81,23.0,N,-30.5,44.7,45.8,Y,310.5,4.36,,,499,fails: sma200
TSLA,,RED,309.22,22.9,N,-36.9,79.9,40.6,N,16372.3,5.4,,,499,fails: sma200
WMT,,RED,111.55,20.9,N,-16.9,27.0,25.7,N,2488.8,2.34,,,499,fails: sma200
EW,,RED,83.38,18.4,N,-12.4,23.1,27.5,Y,452.6,2.7,,,499,fails: sma200
CRH,,RED,101.19,17.2,N,-22.4,29.4,35.2,Y,399.8,3.2,,,499,fails: sma200
DHI,,RED,147.32,16.7,N,-19.2,32.3,35.7,Y,374.9,3.64,,,499,fails: sma200
VMC,,RED,283.84,16.1,N,-13.8,31.4,30.2,N,299.6,3.14,,,499,fails: sma200
HCA,,RED,388.62,14.1,N,-28.5,44.6,31.8,N,632.1,3.75,,,499,fails: sma200
AXP,,RED,334.37,12.0,N,-12.4,27.5,26.5,N,1050.4,2.67,,,499,fails: sma200
REGN,,RED,675.97,10.4,N,-16.6,32.4,28.7,N,493.6,2.57,,,499,fails: sma200
MLM,,RED,569.91,8.7,N,-19.3,36.7,31.5,N,351.3,2.86,,,499,fails: sma200
HII,,RED,284.96,7.8,N,-36.9,28.5,35.3,Y,119.1,2.67,,,499,fails: sma200
LHX,,RED,303.54,7.3,N,-19.2,27.1,27.5,Y,372.5,2.49,,,499,fails: sma200
YUM,,RED,149.53,5.6,N,-10.7,27.0,22.1,N,437.6,3.28,,,499,fails: sma200
PPL,,RED,36.03,4.4,N,-8.8,22.5,19.5,N,266.8,1.76,,,499,fails: sma200
IBM,,RED,216.4,1.7,N,-34.3,112.4,46.6,N,3153.6,7.19,,,499,fails: sma200
MSCI,,RED,565.76,1.6,N,-12.1,50.0,28.9,N,466.4,3.74,,,499,fails: sma200
COST,,RED,947.72,1.5,N,-13.3,25.9,20.3,N,2425.6,2.12,,,499,fails: sma200
CVNA,,RED,63.06,1.5,N,-34.1,59.6,62.5,Y,669.0,6.06,,,499,fails: sma200
IDXX,,RED,557.77,0.9,N,-27.2,36.3,31.4,N,362.2,3.3,,,499,fails: sma200
SWKS,,RED,61.93,0.7,N,-25.8,43.9,46.3,Y,309.8,4.15,,,499,fails: sma200
SHW,,RED,326.06,0.6,N,-12.5,31.4,27.6,N,776.1,3.1,,,499,fails: sma200
PEP,,RED,139.52,0.4,N,-16.6,32.4,20.8,N,1279.6,2.66,,,499,fails: sma200
FAST,,RED,47.24,-0.1,Y,-4.7,26.0,24.6,N,414.6,3.23,,,499,fails: momentum
PFE,,RED,24.75,-0.1,N,-10.3,20.8,22.0,Y,1000.3,1.82,,,499,"fails: momentum,sma200"
LOW,,RED,211.42,-0.2,N,-25.6,32.5,29.8,N,614.4,2.82,,,499,"fails: momentum,sma200"
COR,,RED,311.42,-0.5,N,-16.6,26.4,25.2,N,449.0,2.48,,,499,"fails: momentum,sma200"
KDP,,RED,30.12,-0.6,Y,-11.5,34.5,25.9,N,473.4,2.86,,,499,fails: momentum
LYB,,RED,58.58,-0.9,Y,-28.1,35.3,48.7,Y,281.8,3.96,,,499,fails: momentum
OMC,,RED,82.41,-0.9,Y,-2.1,41.4,32.4,N,285.0,3.21,,,499,fails: momentum
HSY,,RED,178.07,-1.0,N,-24.1,29.1,28.8,N,314.9,2.58,,,499,"fails: momentum,sma200"
MTD,,RED,1330.35,-1.4,Y,-11.7,28.7,30.5,Y,228.9,2.87,,,499,fails: momentum
COF,,RED,206.3,-1.6,Y,-19.4,33.5,33.6,Y,870.6,2.95,,,499,fails: momentum
TEL,,RED,204.13,-1.7,N,-17.4,26.2,39.4,Y,521.1,3.64,,,499,"fails: momentum,sma200"
WM,,RED,239.53,-1.7,Y,-2.0,26.7,21.1,N,453.5,2.29,,,499,fails: momentum
PEG,,RED,79.12,-1.8,N,-9.3,18.5,20.0,Y,229.1,1.91,,,499,"fails: momentum,sma200"
CI,,RED,291.05,-2.0,Y,-4.8,32.6,28.2,N,467.8,3.05,,,499,fails: momentum
AMZN,,RED,231.9,-2.2,N,-15.7,29.0,30.4,Y,12415.4,2.95,,,499,"fails: momentum,sma200"
DECK,,RED,98.99,-2.2,N,-20.1,41.0,39.3,N,233.2,3.77,,,499,"fails: momentum,sma200"
CPAY,,RED,378.54,-2.3,Y,0.0,29.7,35.9,Y,203.3,2.97,,,499,fails: momentum
INVH,,RED,29.69,-2.8,Y,-3.5,18.7,21.6,Y,123.7,1.87,,,499,fails: momentum
CARR,,RED,68.32,-3.2,Y,-14.1,27.8,38.4,Y,378.7,3.07,,,499,fails: momentum
AIG,,RED,79.61,-3.3,Y,-6.9,28.3,23.7,N,321.4,2.23,,,499,fails: momentum
EQT,,RED,52.54,-3.3,N,-22.4,37.4,27.4,N,412.1,2.72,,,499,"fails: momentum,sma200"
CCL,,RED,26.77,-3.4,N,-20.4,37.7,55.3,Y,488.2,3.79,,,499,"fails: momentum,sma200"
APD,,RED,292.53,-3.9,Y,-6.9,39.6,21.7,N,395.8,2.26,,,499,fails: momentum
BXP,,RED,69.43,-4.0,Y,-8.1,26.8,26.6,N,84.2,2.52,,,499,fails: momentum
DHR,,RED,192.9,-4.2,N,-20.0,55.0,29.5,N,1121.5,3.92,,,499,"fails: momentum,sma200"
COO,,RED,71.22,-4.3,N,-15.5,31.7,24.7,N,174.3,2.71,,,499,"fails: momentum,sma200"
PG,,RED,148.49,-4.5,Y,-9.9,24.1,22.1,N,1258.3,2.2,,,499,fails: momentum
EL,,RED,81.58,-4.7,N,-31.3,29.8,52.3,Y,206.3,3.22,,,499,"fails: momentum,sma200"
AVB,,RED,189.22,-4.9,Y,-3.2,22.9,22.6,N,167.0,1.88,,,499,fails: momentum
AWK,,RED,134.88,-5.0,Y,-5.9,28.2,22.9,N,269.9,2.4,,,499,fails: momentum
HD,,RED,337.86,-5.1,N,-18.5,28.3,25.9,N,1324.3,2.82,,,499,"fails: momentum,sma200"
ZBH,,RED,92.86,-5.1,Y,-12.9,43.7,25.0,N,199.1,3.25,,,499,fails: momentum
MSI,,RED,425.92,-5.5,Y,-12.2,23.4,20.6,N,368.1,2.34,,,499,fails: momentum
ULTA,,RED,478.83,-5.5,N,-32.3,30.2,30.6,Y,281.1,2.72,,,499,"fails: momentum,sma200"
AVY,,RED,162.74,-5.7,N,-16.6,32.4,23.9,N,109.0,2.89,,,499,"fails: momentum,sma200"
BA,,RED,211.57,-5.7,N,-16.1,29.7,35.3,Y,1175.1,2.77,,,499,"fails: momentum,sma200"
MAA,,RED,134.18,-5.7,Y,-7.7,21.0,21.2,Y,135.6,1.9,,,499,fails: momentum
NRG,,RED,138.29,-5.8,N,-24.6,40.7,48.6,Y,334.6,3.87,,,499,"fails: momentum,sma200"
IR,,RED,84.11,-5.9,Y,-14.8,35.9,35.8,N,330.2,3.25,,,499,fails: momentum
V,,RED,363.27,-5.9,Y,-0.5,26.5,22.7,N,2921.5,2.12,,,499,fails: momentum
RCL,,RED,292.57,-6.1,Y,-18.7,31.8,50.5,Y,727.4,3.32,,,499,fails: momentum
SCHW,,RED,103.43,-6.1,Y,-2.9,24.5,27.3,Y,920.1,2.31,,,499,fails: momentum
HPQ,,RED,26.47,-6.2,Y,-8.7,42.3,36.9,N,327.9,3.87,,,499,fails: momentum
STE,,RED,219.07,-6.6,N,-18.0,36.1,26.7,N,152.9,2.77,,,499,"fails: momentum,sma200"
UHS,,RED,162.07,-6.7,N,-33.4,44.0,31.5,N,125.1,3.35,,,499,"fails: momentum,sma200"
CBRE,,RED,143.01,-6.9,N,-16.7,40.2,29.4,N,223.9,3.3,,,499,"fails: momentum,sma200"
LVS,,RED,47.64,-7.1,N,-30.7,23.3,28.6,Y,209.7,2.58,,,499,"fails: momentum,sma200"
XYZ,,RED,79.55,-7.1,Y,-2.8,34.5,45.1,Y,411.3,3.77,,,499,fails: momentum
IQV,,RED,210.98,-7.2,Y,-13.6,31.7,43.5,Y,242.1,3.1,,,499,fails: momentum
PGR,,RED,216.23,-7.3,Y,-8.9,50.4,25.0,N,721.9,3.26,,,499,fails: momentum
WYNN,,RED,100.05,-7.5,N,-24.5,24.9,32.4,Y,139.0,2.44,,,499,"fails: momentum,sma200"
HRL,,RED,25.89,-7.6,Y,-7.0,32.0,27.0,N,95.0,2.28,,,499,fails: momentum
MCD,,RED,269.79,-8.0,N,-19.9,26.9,17.9,N,1229.2,2.18,,,499,"fails: momentum,sma200"
BF-B,,RED,27.05,-8.1,Y,-10.8,41.3,40.9,N,64.7,3.33,,,499,fails: momentum
HOOD,,RED,93.86,-8.3,N,-38.4,73.8,71.9,N,2419.7,6.82,,,499,"fails: momentum,sma200"
EXE,,RED,91.44,-8.4,N,-24.7,29.8,28.5,N,368.9,2.57,,,499,"fails: momentum,sma200"
RJF,,RED,172.42,-8.9,Y,-0.9,26.3,26.9,Y,228.7,2.44,,,499,fails: momentum
AMCR,,RED,45.08,-9.5,Y,-8.2,37.3,37.1,N,136.7,3.14,,,499,fails: momentum
XYL,,RED,120.09,-9.7,N,-20.7,24.8,26.5,Y,221.1,2.47,,,499,"fails: momentum,sma200"
MDLZ,,RED,60.6,-10.5,Y,-11.2,31.9,25.0,N,539.2,2.51,,,499,fails: momentum
NCLH,,RED,19.65,-10.7,N,-27.1,44.3,59.5,Y,269.9,3.96,,,499,"fails: momentum,sma200"
MDT,,RED,85.01,-10.8,N,-17.3,37.3,22.3,N,626.0,2.72,,,499,"fails: momentum,sma200"
NOC,,RED,549.07,-10.8,N,-28.2,31.8,30.2,N,552.9,3.05,,,499,"fails: momentum,sma200"
TDG,,RED,1276.82,-10.9,N,-15.8,31.6,31.7,Y,458.9,2.76,,,499,"fails: momentum,sma200"
AON,,RED,368.75,-11.0,Y,-1.5,33.4,28.5,N,483.3,2.31,,,499,fails: momentum
AMP,,RED,537.81,-11.2,Y,-0.8,30.9,26.8,N,373.6,2.66,,,499,fails: momentum
KMB,,RED,110.97,-11.2,Y,-14.9,29.8,25.2,N,451.5,2.76,,,499,fails: momentum
BLK,,RED,1053.51,-11.3,Y,-11.0,33.1,29.0,N,850.5,2.96,,,499,fails: momentum
VRSN,,RED,278.12,-11.4,Y,-10.3,31.6,32.2,Y,191.1,3.05,,,499,fails: momentum
ORLY,,RED,90.65,-11.5,N,-15.9,46.8,25.4,N,776.2,3.13,,,499,"fails: momentum,sma200"
J,,RED,134.62,-11.6,Y,-17.5,23.1,32.5,Y,115.1,2.34,,,499,fails: momentum
KVUE,,RED,19.37,-11.8,Y,-11.2,22.9,21.3,N,343.1,2.29,,,499,fails: momentum
APTV,,RED,56.46,-12.0,N,-36.3,31.5,46.1,Y,142.1,3.27,,,499,"fails: momentum,sma200"
GPC,,RED,127.54,-12.1,Y,-12.8,56.2,30.5,N,270.0,3.67,,,499,fails: momentum
RSG,,RED,219.53,-12.1,Y,-9.7,25.8,21.4,N,275.6,2.37,,,499,fails: momentum
FOXA,,RED,57.51,-12.3,N,-24.1,36.5,32.6,N,339.0,2.97,,,499,"fails: momentum,sma200"
NVR,,RED,6446.21,-12.5,N,-24.5,33.5,31.7,N,190.8,3.44,,,499,"fails: momentum,sma200"
MA,,RED,552.91,-12.8,Y,-7.1,28.2,25.4,N,1775.9,2.22,,,499,fails: momentum
KHC,,RED,26.17,-13.0,Y,-3.0,33.2,27.7,N,306.7,2.82,,,499,fails: momentum
ALGN,,RED,169.32,-13.1,Y,-18.3,43.9,44.6,Y,167.4,3.96,,,499,fails: momentum
FOX,,RED,51.62,-13.2,N,-23.4,36.3,34.0,N,83.8,2.86,,,499,"fails: momentum,sma200"
LII,,RED,546.95,-13.4,Y,-16.8,27.0,36.5,Y,233.9,3.13,,,499,fails: momentum
MCO,,RED,486.67,-13.8,Y,-9.4,35.7,27.0,N,462.3,2.91,,,499,fails: momentum
NWSA,,RED,27.51,-14.1,Y,-11.0,34.3,25.3,N,111.1,2.61,,,499,fails: momentum
VST,,RED,158.21,-14.1,N,-27.1,42.8,47.9,Y,615.4,4.46,,,499,"fails: momentum,sma200"
VLTO,,RED,93.31,-14.5,N,-14.5,25.2,24.1,N,176.4,2.29,,,499,"fails: momentum,sma200"
NWS,,RED,30.97,-15.0,Y,-11.4,36.4,26.1,N,42.6,2.88,,,499,fails: momentum
GEHC,,RED,62.18,-15.3,N,-29.4,33.4,33.0,N,305.5,3.06,,,499,"fails: momentum,sma200"
STZ,,RED,129.97,-15.5,N,-24.1,33.9,33.5,N,323.4,2.93,,,499,"fails: momentum,sma200"
VICI,,RED,27.02,-15.5,N,-15.2,27.6,18.3,N,234.2,1.91,,,499,"fails: momentum,sma200"
ALLE,,RED,155.89,-15.6,Y,-12.6,40.2,26.7,N,198.5,3.0,,,499,fails: momentum
AOS,,RED,62.22,-15.6,N,-22.2,28.6,28.6,N,100.9,2.81,,,499,"fails: momentum,sma200"
CME,,RED,256.2,-15.7,N,-19.2,31.9,24.1,N,786.4,2.81,,,499,"fails: momentum,sma200"
OTIS,,RED,73.49,-15.8,N,-21.0,30.0,23.1,N,275.1,2.58,,,499,"fails: momentum,sma200"
WTW,,RED,303.01,-15.8,Y,-12.6,35.2,30.1,N,156.4,2.43,,,499,fails: momentum
NDAQ,,RED,93.01,-15.9,Y,-7.3,35.8,31.0,N,393.1,2.94,,,499,fails: momentum
CEG,,RED,273.77,-16.0,N,-32.0,40.1,52.8,Y,815.2,3.04,,,499,"fails: momentum,sma200"
LEN,,RED,85.48,-16.1,N,-38.8,31.5,37.2,Y,201.0,3.27,,,499,"fails: momentum,sma200"
GPN,,RED,83.45,-16.9,Y,-6.1,51.2,42.7,N,243.6,4.0,,,499,fails: momentum
TAP,,RED,40.97,-16.9,N,-23.0,37.2,27.7,N,120.0,3.43,,,499,"fails: momentum,sma200"
T,,RED,24.4,-17.0,N,-14.1,39.2,26.8,N,1955.2,3.02,,,499,"fails: momentum,sma200"
ISRG,,RED,357.05,-18.2,N,-39.8,74.6,28.1,N,1441.5,5.19,,,499,"fails: momentum,sma200"
KR,,RED,58.13,-18.5,N,-22.7,34.5,31.0,N,448.4,3.1,,,499,"fails: momentum,sma200"
APO,,RED,124.43,-18.6,N,-17.8,32.1,37.5,Y,581.8,3.09,,,499,"fails: momentum,sma200"
DIS,,RED,96.9,-19.1,N,-19.4,30.1,26.0,N,976.2,2.24,,,499,"fails: momentum,sma200"
SYK,,RED,336.6,-19.7,N,-15.7,49.8,27.3,N,815.8,3.23,,,499,"fails: momentum,sma200"
AZO,,RED,3066.0,-20.4,N,-29.6,40.7,29.6,N,887.7,3.23,,,499,"fails: momentum,sma200"
UBER,,RED,68.04,-20.5,N,-32.0,36.0,35.4,N,1344.7,3.38,,,499,"fails: momentum,sma200"
DXCM,,RED,73.51,-20.9,Y,-17.9,45.9,37.5,N,313.5,3.89,,,499,fails: momentum
BKNG,,RED,185.01,-21.0,N,-18.5,40.9,41.2,Y,1130.6,3.47,,,499,"fails: momentum,sma200"
MRSH,,RED,184.68,-21.0,Y,-10.8,35.0,28.7,N,454.4,2.47,,,499,fails: momentum
SBAC,,RED,174.14,-21.2,N,-24.2,29.1,31.0,Y,168.1,2.99,,,499,"fails: momentum,sma200"
GEN,,RED,26.65,-22.1,Y,-15.5,40.1,41.6,Y,120.8,3.38,,,499,fails: momentum
CTAS,,RED,210.48,-23.4,Y,-6.1,37.0,23.7,N,452.3,2.84,,,499,fails: momentum
META,,RED,599.65,-23.8,N,-23.8,53.9,45.0,N,11867.6,4.44,,,499,"fails: momentum,sma200"
AMT,,RED,167.23,-24.2,N,-24.9,31.0,28.9,N,541.4,2.04,,,499,"fails: momentum,sma200"
CLX,,RED,96.61,-24.2,N,-23.2,30.2,32.4,Y,215.2,3.25,,,499,"fails: momentum,sma200"
BAX,,RED,23.2,-24.5,Y,-19.9,47.0,41.2,N,125.1,3.73,,,499,fails: momentum
ABT,,RED,105.1,-24.6,N,-21.3,46.5,27.8,N,1221.0,3.02,,,499,"fails: momentum,sma200"
SPGI,,RED,438.67,-24.9,Y,-17.1,45.1,28.4,N,904.3,2.89,,,499,fails: momentum
ROL,,RED,39.43,-25.3,N,-39.5,44.6,24.2,N,231.8,4.08,,,499,"fails: momentum,sma200"
TMUS,,RED,181.01,-25.3,N,-28.8,59.1,29.0,N,938.3,4.08,,,499,"fails: momentum,sma200"
IP,,RED,42.26,-25.4,Y,-20.5,50.5,47.3,N,182.5,3.98,,,499,fails: momentum
SNPS,,RED,390.55,-25.4,N,-39.5,42.8,43.5,Y,831.7,4.26,,,499,"fails: momentum,sma200"
FICO,,RED,1294.84,-25.5,N,-31.1,45.4,47.1,Y,286.2,4.25,,,499,"fails: momentum,sma200"
PNR,,RED,63.65,-25.5,N,-42.8,64.8,28.3,N,214.0,5.57,,,499,"fails: momentum,sma200"
RMD,,RED,202.96,-26.7,N,-30.4,46.8,29.4,N,294.4,3.46,,,499,"fails: momentum,sma200"
CCI,,RED,74.97,-26.8,N,-31.0,38.2,32.3,N,322.6,2.82,,,499,"fails: momentum,sma200"
ZBRA,,RED,263.39,-27.0,Y,-22.8,32.6,47.8,Y,176.6,3.8,,,499,fails: momentum
ADP,,RED,256.23,-27.4,Y,-15.3,39.1,31.0,N,608.9,3.0,,,499,fails: momentum
DASH,,RED,184.3,-27.4,N,-34.6,49.9,50.1,Y,732.2,4.87,,,499,"fails: momentum,sma200"
GIS,,RED,36.56,-27.5,N,-24.0,48.2,25.5,N,405.2,3.39,,,499,"fails: momentum,sma200"
PSKY,,RED,8.1,-27.7,N,-58.4,42.8,44.0,Y,83.1,4.88,,,499,"fails: momentum,sma200"
CDW,,RED,137.61,-27.8,Y,-23.0,48.4,44.3,N,260.3,3.97,,,499,fails: momentum
JKHY,,RED,154.27,-27.8,N,-19.2,35.6,30.9,N,188.9,3.26,,,499,"fails: momentum,sma200"
AJG,,RED,253.89,-28.7,Y,-18.5,40.4,31.1,N,388.9,2.83,,,499,fails: momentum
CMCSA,,RED,22.92,-29.2,N,-27.7,41.5,25.6,N,952.5,3.61,,,499,"fails: momentum,sma200"
CMG,,RED,33.06,-29.4,N,-29.3,44.8,36.2,N,641.4,4.23,,,499,"fails: momentum,sma200"
MSFT,,RED,390.76,-30.4,N,-27.5,32.8,33.2,Y,15423.2,2.92,,,499,"fails: momentum,sma200"
PLTR,,RED,129.89,-30.7,N,-37.3,49.9,57.4,Y,4938.3,5.17,,,499,"fails: momentum,sma200"
MKC,,RED,50.8,-30.8,N,-28.0,42.3,33.4,N,191.5,3.32,,,499,"fails: momentum,sma200"
ICE,,RED,147.85,-31.3,N,-20.5,27.6,26.5,N,572.5,2.6,,,499,"fails: momentum,sma200"
PAYX,,RED,116.5,-31.7,Y,-18.7,36.7,31.1,N,338.6,3.06,,,499,fails: momentum
ARE,,RED,51.67,-32.0,Y,-37.3,36.2,43.9,Y,80.9,3.02,,,499,fails: momentum
BLDR,,RED,72.63,-33.2,N,-51.3,46.2,50.2,Y,160.1,5.06,,,499,"fails: momentum,sma200"
BX,,RED,131.4,-33.6,Y,-28.3,32.0,40.9,Y,563.7,3.53,,,499,fails: momentum
CPRT,,RED,29.67,-35.1,N,-40.6,53.2,30.1,N,372.6,3.08,,,499,"fails: momentum,sma200"
ARES,,RED,127.5,-36.0,N,-31.4,39.1,47.7,Y,233.6,3.74,,,499,"fails: momentum,sma200"
ERIE,,RED,229.28,-36.4,N,-36.5,68.5,36.7,N,63.1,4.96,,,499,"fails: momentum,sma200"
ORCL,,RED,119.29,-36.7,N,-63.3,48.8,54.4,Y,5169.3,5.48,,,499,"fails: momentum,sma200"
ADSK,,RED,223.33,-37.0,N,-31.7,46.2,41.5,N,478.8,3.79,,,499,"fails: momentum,sma200"
AXON,,RED,524.11,-37.3,Y,-39.8,75.1,66.6,N,554.1,5.75,,,499,fails: momentum
EFX,,RED,178.37,-37.6,N,-31.4,50.6,39.6,N,307.7,4.89,,,499,"fails: momentum,sma200"
KKR,,RED,100.94,-37.9,N,-33.2,37.0,37.0,N,368.5,3.4,,,499,"fails: momentum,sma200"
LDOS,,RED,114.49,-38.1,N,-42.1,30.4,31.6,Y,164.0,2.99,,,499,"fails: momentum,sma200"
DPZ,,RED,347.37,-38.9,N,-27.1,44.7,31.1,N,314.1,4.13,,,499,"fails: momentum,sma200"
SMCI,,RED,28.98,-39.7,N,-52.3,97.8,95.0,N,1333.8,7.02,,,499,"fails: momentum,sma200"
VRSK,,RED,208.42,-39.7,Y,-29.4,42.7,37.2,N,359.3,3.48,,,499,fails: momentum
MOS,,RED,22.11,-39.8,N,-38.8,38.9,42.5,Y,168.9,3.93,,,499,"fails: momentum,sma200"
NFLX,,RED,71.36,-40.0,N,-43.5,45.0,31.9,N,3630.2,3.64,,,499,"fails: momentum,sma200"
BRO,,RED,69.79,-40.3,N,-31.9,44.0,32.9,N,178.1,2.99,,,499,"fails: momentum,sma200"
ROP,,RED,379.07,-40.3,N,-32.1,47.0,27.1,N,346.1,3.69,,,499,"fails: momentum,sma200"
TRMB,,RED,54.96,-40.3,N,-35.5,42.2,33.2,N,138.1,3.76,,,499,"fails: momentum,sma200"
CRM,,RED,173.96,-43.4,N,-35.1,56.3,43.6,N,2040.4,4.77,,,499,"fails: momentum,sma200"
NKE,,RED,42.08,-44.3,N,-45.4,35.8,33.8,N,1052.8,3.26,,,499,"fails: momentum,sma200"
PTC,,RED,124.22,-44.3,N,-42.6,53.8,33.7,N,186.9,3.86,,,499,"fails: momentum,sma200"
BR,,RED,153.79,-45.0,N,-41.2,37.8,31.3,N,169.9,3.2,,,499,"fails: momentum,sma200"
PYPL,,RED,56.25,-45.1,Y,-27.5,61.7,34.0,N,1020.5,3.62,,,499,fails: momentum
VEEV,,RED,194.91,-45.7,N,-36.3,53.0,44.1,N,365.0,4.11,,,499,"fails: momentum,sma200"
PODD,,RED,166.65,-46.3,N,-52.8,41.0,38.3,N,216.3,3.74,,,499,"fails: momentum,sma200"
TSCO,,RED,31.69,-47.1,N,-48.6,35.8,35.5,N,333.1,3.44,,,499,"fails: momentum,sma200"
CTSH,,RED,47.3,-47.9,N,-44.8,54.5,46.6,N,389.6,4.41,,,499,"fails: momentum,sma200"
ADBE,,RED,238.41,-48.0,N,-35.9,58.5,41.3,N,1233.2,4.77,,,499,"fails: momentum,sma200"
ZTS,,RED,76.96,-48.5,N,-50.0,29.7,28.5,N,458.8,2.88,,,499,"fails: momentum,sma200"
LULU,,RED,117.5,-48.8,N,-46.4,39.8,44.2,Y,313.6,3.81,,,499,"fails: momentum,sma200"
FDS,,RED,269.73,-49.6,Y,-34.9,68.3,53.7,N,236.0,4.48,,,499,fails: momentum
TYL,,RED,317.34,-49.8,N,-48.1,58.4,41.8,N,210.9,4.47,,,499,"fails: momentum,sma200"
FIS,,RED,43.22,-51.4,N,-45.5,45.5,37.1,N,216.3,3.76,,,499,"fails: momentum,sma200"
WDAY,,RED,147.51,-52.0,N,-40.4,77.4,57.0,N,584.5,6.21,,,499,"fails: momentum,sma200"
GDDY,,RED,97.68,-52.3,N,-41.3,56.9,44.3,N,148.1,4.43,,,499,"fails: momentum,sma200"
ACN,,RED,154.48,-55.0,N,-45.4,58.2,47.0,N,1227.0,4.72,,,499,"fails: momentum,sma200"
NOW,,RED,104.84,-55.1,N,-47.4,75.0,61.9,N,2219.5,6.32,,,499,"fails: momentum,sma200"
BSX,,RED,46.12,-58.4,N,-57.4,37.8,41.0,Y,811.5,3.22,,,499,"fails: momentum,sma200"
COIN,,RED,162.88,-64.1,N,-58.9,64.1,67.3,Y,1153.2,5.39,,,499,"fails: momentum,sma200"
IT,,RED,149.21,-64.4,N,-58.2,68.7,47.4,N,169.1,5.05,,,499,"fails: momentum,sma200"
CHTR,,RED,128.24,-65.9,N,-66.3,45.7,48.1,Y,417.8,4.36,,,499,"fails: momentum,sma200"
FISV,,RED,52.29,-66.8,N,-63.4,40.2,42.4,Y,358.1,3.75,,,498,"fails: momentum,sma200"
INTU,,RED,307.74,-67.1,N,-61.5,51.3,54.4,Y,1265.3,4.95,,,499,"fails: momentum,sma200"
CSGP,,RED,29.72,-69.2,N,-69.3,62.7,42.7,N,189.9,5.1,,,499,"fails: momentum,sma200"
TTD,,RED,18.22,-79.6,N,-79.7,55.9,56.9,Y,254.5,5.25,,,499,"fails: momentum,sma200"
FDXF,,GRAY,,,,,,,,,,,,41,insufficient history (41 bars < 280)
HONA,,GRAY,,,,,,,,,,,,28,insufficient history (28 bars < 280)
Q,,GRAY,,,,,,,,,,,,186,insufficient history (186 bars < 280)
